"","page_number","list_number"
"1",136,1
"2",31,1
"3",115,7
"4",61,9
"5",91,4
"6",108,7
"7",41,10
"8",93,8
"9",58,6
"10",51,7
"11",19,8
"12",119,2
"13",5,4
"14",36,1
"15",136,1
"16",68,7
"17",44,7
"18",103,9
"19",92,10
"20",123,9
"21",91,10
"22",116,4
"23",144,8
"24",49,1
"25",23,1
"26",11,6
"27",75,5
"28",111,6
"29",8,9
"30",9,9
"31",109,7
"32",1,8
"33",108,1
"34",53,9
"35",47,9
"36",5,8
"37",101,8
"38",37,10
"39",135,6
"40",19,3
"41",24,5
"42",76,4
"43",51,9
"44",12,2
"45",21,1
"46",140,8
"47",25,9
"48",54,7
"49",121,9
"50",113,2
